city,source_domain,experiment_id,ablation_name,model_name,champion_nodes,champion_radius_mi,champion_k_neighbors,feature_list,seq_len,adjacency_mode,n_runs,test_auc_pr_mean,test_auc_pr_std,test_f1_mean,test_f1_std,full_auc_pr_mean,full_f1_mean,delta_auc_pr_vs_full,delta_f1_vs_full
Miami,Miami,ExperimentB_UrbanNative,Full,LSTM_Blind,100,2,5,"Total_Accidents,Mean_Severity,Mean_Distance,Mean_Humidity",4,inverse_distance,5,0.0693341,0.000819789,0.0915824,0.0018468,0.0693341,0.0915824,0,0
Miami,Miami,ExperimentB_UrbanNative,Full,STGNN_StaticKNN,100,2,5,"Total_Accidents,Mean_Severity,Mean_Distance,Mean_Humidity",4,inverse_distance,5,0.0620422,0.00184887,0.0848618,0.00147784,0.0620422,0.0848618,0,0
Miami,Miami,ExperimentB_UrbanNative,No_Humidity,LSTM_Blind,100,2,5,"Total_Accidents,Mean_Severity,Mean_Distance",4,inverse_distance,5,0.0695924,0.000872218,0.0926797,0.00112678,0.0693341,0.0915824,0.000258263,0.00109723
Miami,Miami,ExperimentB_UrbanNative,No_Humidity,STGNN_StaticKNN,100,2,5,"Total_Accidents,Mean_Severity,Mean_Distance",4,inverse_distance,5,0.0618312,0.00272711,0.0848873,0.00281855,0.0620422,0.0848618,-0.000210998,0.00002559
Miami,Miami,ExperimentB_UrbanNative,No_Severity,LSTM_Blind,100,2,5,"Total_Accidents,Mean_Distance,Mean_Humidity",4,inverse_distance,5,0.0674185,0.00246291,0.0903347,0.00294707,0.0693341,0.0915824,-0.00191563,-0.00124776
Miami,Miami,ExperimentB_UrbanNative,No_Severity,STGNN_StaticKNN,100,2,5,"Total_Accidents,Mean_Distance,Mean_Humidity",4,inverse_distance,5,0.0630043,0.0020487,0.086215,0.0013273,0.0620422,0.0848618,0.000962095,0.00135321
Miami,Miami,ExperimentB_UrbanNative,No_Distance,LSTM_Blind,100,2,5,"Total_Accidents,Mean_Severity,Mean_Humidity",4,inverse_distance,5,0.0695637,0.0017831,0.0929761,0.00211716,0.0693341,0.0915824,0.000229587,0.00139366
Miami,Miami,ExperimentB_UrbanNative,No_Distance,STGNN_StaticKNN,100,2,5,"Total_Accidents,Mean_Severity,Mean_Humidity",4,inverse_distance,5,0.0619059,0.00222294,0.0845853,0.00110435,0.0620422,0.0848618,-0.000136262,-0.000276455
Miami,Miami,ExperimentB_UrbanNative,No_TotalAccidents,LSTM_Blind,100,2,5,"Mean_Severity,Mean_Distance,Mean_Humidity",4,inverse_distance,5,0.0702555,0.00191899,0.0918242,0.00253091,0.0693341,0.0915824,0.00092138,0.000241777
Miami,Miami,ExperimentB_UrbanNative,No_TotalAccidents,STGNN_StaticKNN,100,2,5,"Mean_Severity,Mean_Distance,Mean_Humidity",4,inverse_distance,5,0.0615138,0.00218343,0.0842521,0.00257083,0.0620422,0.0848618,-0.000528381,-0.000609643
Miami,Miami,ExperimentB_UrbanNative,SeqLen1,LSTM_Blind,100,2,5,"Total_Accidents,Mean_Severity,Mean_Distance,Mean_Humidity",1,inverse_distance,5,0.074332,0.00104741,0.098474,0.000895171,0.0693341,0.0915824,0.00499787,0.00689161
Miami,Miami,ExperimentB_UrbanNative,SeqLen1,STGNN_StaticKNN,100,2,5,"Total_Accidents,Mean_Severity,Mean_Distance,Mean_Humidity",1,inverse_distance,5,0.0669012,0.00137284,0.0894591,0.00120148,0.0620422,0.0848618,0.00485904,0.00459735
Miami,Miami,ExperimentB_UrbanNative,BinaryAdjacency,STGNN_StaticKNN,100,2,5,"Total_Accidents,Mean_Severity,Mean_Distance,Mean_Humidity",4,binary,5,0.0643335,0.0040502,0.0903686,0.00526879,0.0620422,0.0848618,0.00229134,0.00550681
Iowa_C2,Iowa,ExperimentC2_RuralNative,Full,LSTM_Blind,50,15,3,"Total_Accidents,Mean_Severity,Mean_Distance,Mean_Humidity",4,inverse_distance,5,0.0504832,0.00121662,0.0222133,0.00078567,0.0504832,0.0222133,0,0
Iowa_C2,Iowa,ExperimentC2_RuralNative,Full,STGNN_StaticKNN,50,15,3,"Total_Accidents,Mean_Severity,Mean_Distance,Mean_Humidity",4,inverse_distance,5,0.0516245,0.00510639,0.0232489,0.000757943,0.0516245,0.0232489,0,0
Iowa_C2,Iowa,ExperimentC2_RuralNative,No_Humidity,LSTM_Blind,50,15,3,"Total_Accidents,Mean_Severity,Mean_Distance",4,inverse_distance,5,0.0486618,0.00255729,0.0215701,0.000956386,0.0504832,0.0222133,-0.00182146,-0.000643232
Iowa_C2,Iowa,ExperimentC2_RuralNative,No_Humidity,STGNN_StaticKNN,50,15,3,"Total_Accidents,Mean_Severity,Mean_Distance",4,inverse_distance,5,0.0453901,0.00225194,0.0232846,0.000362397,0.0516245,0.0232489,-0.00623439,0.00003566
Iowa_C2,Iowa,ExperimentC2_RuralNative,No_Severity,LSTM_Blind,50,15,3,"Total_Accidents,Mean_Distance,Mean_Humidity",4,inverse_distance,5,0.0497963,0.00261943,0.0213663,0.000550845,0.0504832,0.0222133,-0.000686929,-0.000846977
Iowa_C2,Iowa,ExperimentC2_RuralNative,No_Severity,STGNN_StaticKNN,50,15,3,"Total_Accidents,Mean_Distance,Mean_Humidity",4,inverse_distance,5,0.0490978,0.00312485,0.0230905,0.000439276,0.0516245,0.0232489,-0.00252666,-0.00015846
Iowa_C2,Iowa,ExperimentC2_RuralNative,No_Distance,LSTM_Blind,50,15,3,"Total_Accidents,Mean_Severity,Mean_Humidity",4,inverse_distance,5,0.0496091,0.00339117,0.0216575,0.000859207,0.0504832,0.0222133,-0.00087416,-0.000555816
Iowa_C2,Iowa,ExperimentC2_RuralNative,No_Distance,STGNN_StaticKNN,50,15,3,"Total_Accidents,Mean_Severity,Mean_Humidity",4,inverse_distance,5,0.0535095,0.00602237,0.0230738,0.000824767,0.0516245,0.0232489,0.00188501,-0.000175141
Iowa_C2,Iowa,ExperimentC2_RuralNative,No_TotalAccidents,LSTM_Blind,50,15,3,"Mean_Severity,Mean_Distance,Mean_Humidity",4,inverse_distance,5,0.0484849,0.00301175,0.0209458,0.00149072,0.0504832,0.0222133,-0.00199831,-0.00126753
Iowa_C2,Iowa,ExperimentC2_RuralNative,No_TotalAccidents,STGNN_StaticKNN,50,15,3,"Mean_Severity,Mean_Distance,Mean_Humidity",4,inverse_distance,5,0.0487009,0.00771492,0.0230721,0.00125697,0.0516245,0.0232489,-0.00292355,-0.000176831
Iowa_C2,Iowa,ExperimentC2_RuralNative,SeqLen1,LSTM_Blind,50,15,3,"Total_Accidents,Mean_Severity,Mean_Distance,Mean_Humidity",1,inverse_distance,5,0.0506449,0.00170149,0.0200408,0.00118275,0.0504832,0.0222133,0.000161627,-0.00217248
Iowa_C2,Iowa,ExperimentC2_RuralNative,SeqLen1,STGNN_StaticKNN,50,15,3,"Total_Accidents,Mean_Severity,Mean_Distance,Mean_Humidity",1,inverse_distance,5,0.0513422,0.00242039,0.02187,0.000942651,0.0516245,0.0232489,-0.000282228,-0.00137891
Iowa_C2,Iowa,ExperimentC2_RuralNative,BinaryAdjacency,STGNN_StaticKNN,50,15,3,"Total_Accidents,Mean_Severity,Mean_Distance,Mean_Humidity",4,binary,5,0.0408337,0.00539516,0.0224375,0.00232018,0.0516245,0.0232489,-0.0107907,-0.000811471