region_id,center_x_utm,center_y_utm,center_lat,center_lng
0,561679.5082527937,2841142.664329171,25.68679621941013,-80.38531183363783
1,581068.4034427467,2867814.010103891,25.92667498577092,-80.19046378200946
2,568283.2203320048,2848000.921514022,25.748431204871487,-80.3191513706386
3,579594.7900710066,2855069.8276050915,25.811687277150945,-80.20594743680881
4,562120.7069671208,2834562.075945657,25.627356506749894,-80.38122178241223
5,562527.4250438457,2855028.4919991214,25.812144333833587,-80.37620749933669
6,579153.5674727338,2864336.0449427953,25.895377609507737,-80.20979286832362
7,567948.4393082912,2856603.6735820035,25.82612524639226,-80.3220477323431
8,567702.9158255295,2841149.8351852177,25.686595688058304,-80.32528630856892
9,561779.6896443417,2846357.5570293316,25.733880911531312,-80.38407111952655
10,585071.1776004011,2870242.1165387616,25.948369428992088,-80.15033886720887
11,576054.8809794476,2861081.207448891,25.866154221642255,-80.24091342565927
12,574059.1582908479,2849685.5168253058,25.763361479814577,-80.26146935387867
13,551564.4812267654,2834949.947809435,25.63126641139274,-80.4863526212219
14,555213.9649918327,2843081.8885733783,25.704564338749446,-80.44966342112151
15,556177.9611410598,2828150.11637406,25.569695659498272,-80.44068390863872
16,573836.2600242555,2852118.9829802797,25.78534546100206,-80.26355636067865
17,579479.548523598,2859095.5549048604,25.848042665313024,-80.20685479373132
18,558197.1043162057,2849602.602444611,25.763329347329897,-80.41964478524271
19,583615.3910019082,2863478.3053498496,25.887383541794357,-80.16530765963701
20,564423.9352806297,2862451.4428334804,25.879087323026777,-80.35692593488885
21,582261.9778096428,2870879.1314313225,25.954282906316482,-80.17835390586795
22,579998.5634464256,2852468.495919689,25.788177197233477,-80.20207692211935
23,563525.762489485,2849786.7371807303,25.764770466902608,-80.36649980332356
24,562399.3128614983,2831089.941961951,25.595992019852247,-80.37860888559669
25,576225.0745043868,2854941.602909002,25.810709224916476,-80.239569334848
26,568385.2686453324,2853867.857660894,25.801401935465897,-80.31783105063371
27,565871.5428635052,2834395.0686320015,25.625685488838563,-80.34387020689057
28,566674.8072127012,2846298.8403893937,25.733136232427288,-80.33527342120139
29,558519.0802603312,2834651.254866147,25.62830929392877,-80.41709180078328
30,568175.8584924366,2850050.501871904,25.76694294058697,-80.32011642846076
31,566656.5758550778,2843030.142988408,25.703622027460522,-80.33561914999822
32,558625.584168077,2838436.7881379817,25.66248778087439,-80.41586457813021
33,558115.4619936846,2840932.1977001647,25.68504108779426,-80.42083825464438
34,579701.8020675702,2871411.443881586,25.95923200741101,-80.20389102585544
35,566231.0155136499,2852254.697645668,25.78693510377505,-80.33940011840141
36,579149.0493729496,2848276.6496815397,25.750374041728033,-80.21079988682155
37,571596.754160168,2843476.575555582,25.707420435985366,-80.28635819173299
38,562924.6396224038,2839393.473113742,25.670948704937363,-80.3729863015965
39,563798.5898564197,2827468.141157004,25.56322792369607,-80.36484776420492
40,576024.9379675215,2858752.394029965,25.845128355878636,-80.24134647588444
41,579294.3809425929,2861080.2433681707,25.865972842209693,-80.20858317340847
42,582206.4397446653,2852018.014948592,25.78398725974059,-80.18008482418162
43,550916.3109298275,2827510.1671432503,25.564107708455346,-80.49309229179218
44,581224.7740604453,2869472.937076132,25.941644763123154,-80.18879984233769
45,557064.6673292989,2844078.2506577484,25.713490475036185,-80.43117477528226
46,564754.82666114,2831587.006254236,25.600378860620523,-80.35512905889813
47,517601.17509193224,2849559.1253039152,25.7639878090994,-80.82447426451478
48,552463.5811577837,2849354.205678557,25.761303095272257,-80.47682865777716
49,575742.4042128694,2863030.594483564,25.88377195518703,-80.24391992292668
50,562228.342917358,2858589.9549529725,25.84431548634009,-80.37902332494902
51,568359.2393451609,2845920.3643783852,25.7296411773484,-80.31850058782635
52,567718.7368053669,2839051.1764265555,25.667644840006894,-80.32523537398919
53,576371.2511988267,2852234.994953037,25.786262787551507,-80.23826738865314
54,583850.6478112994,2872055.762387508,25.964815738613897,-80.16241214502402
55,566504.6895345219,2850062.737301604,25.767130309862747,-80.33678064309939
56,565188.1603351469,2841383.4737175354,25.688819123457915,-80.35033510860272
57,581427.3232757931,2864436.1538086017,25.896156059232418,-80.18708907615272
58,562140.5630439677,2842604.928042328,25.69998060715529,-80.3806489515524
59,554922.6884546926,2840572.97439438,25.681920203203227,-80.45267013833421
60,560929.1729776991,2849232.449900752,25.759875834834133,-80.39241815779522
61,579560.544951085,2856976.685889047,25.828906574872548,-80.20617425260674
62,579104.0507827303,2866056.0275904736,25.91091023159593,-80.21018376528366
63,571356.2959475976,2846471.1510989596,25.734471694493486,-80.28859397674708
64,561632.6881959871,2862826.925956499,25.882598541990376,-80.38476904247939
65,579128.1051408701,2867883.055860526,25.92740534281269,-80.20983364912311
66,564096.1645724232,2846353.5120519754,25.733744921688118,-80.36097772988762
67,568052.2290499639,2858378.8829393103,25.842149541288023,-80.32092075476717
68,561492.136356916,2837285.6127338153,25.651975851665973,-80.38735710698535
69,570866.4180018371,2854693.8542558434,25.808741990420863,-80.2930378631633
70,552396.7918365408,2830406.27255785,25.590207786690705,-80.4782401857514
71,562173.9308853131,2851798.4771122197,25.782993740018366,-80.37988567469169
72,563659.6198564317,2841394.519121425,25.688985908032027,-80.36556725601164
73,581524.1032450856,2855015.4441390317,25.81108983899855,-80.1867051248779
74,569915.8173950003,2849802.1768475813,25.764618613501963,-80.30277880164495
75,566440.3027156992,2847983.700139697,25.748360451606505,-80.33752688339874
76,575998.2001445362,2856755.5312381885,25.82709953465849,-80.24172820044075
77,579554.170115952,2869584.8578958656,25.94274777178902,-80.20547626253546
78,558164.8494228371,2831072.4756425503,25.596007384034692,-80.42077593170869
79,573943.906430087,2854592.572225926,25.80767495670762,-80.26234453921616
80,578940.9707276504,2862929.805461739,25.88269202166624,-80.21199941009858
81,569819.3823744518,2846292.3342701024,25.73293107889377,-80.3039251496865
82,567895.704166885,2854852.5372182666,25.810315895817734,-80.32266381992217
83,583276.3118587001,2867246.508911108,25.92142618154514,-80.16845374082605
84,557866.7251759656,2846335.98968665,25.733845866285673,-80.42308176300281
85,568292.5658153065,2851567.4678903488,25.780634946896075,-80.3188744334959
86,580321.2950024825,2850423.681404985,25.769696364942778,-80.19898218148377
87,571219.2190223117,2851903.7034329763,25.7835313973664,-80.28966870902177
88,567009.9906844748,2829202.584030301,25.578747349246214,-80.33279128154965
89,569314.5346115606,2842279.7488980833,25.696723173644067,-80.30916729583315
90,566935.3509604073,2836464.4752229266,25.644323648443248,-80.33317066018765
91,561274.5128153889,2827906.1763218404,25.567290204511618,-80.38995523495636
92,560245.4966176446,2840843.0360198584,25.68415016632323,-80.39961589624514
93,578611.7887468525,2852139.7338781212,25.785283924284332,-80.21592739588883
94,577354.9745822821,2871223.657327949,25.957663455944928,-80.22734188038243
95,570119.7703430392,2848069.6741888677,25.748965245480683,-80.30083665709358
96,563232.9343333817,2829014.522497325,25.57721583592704,-80.3704059085429
97,575432.2219434314,2846654.8511656662,25.735926306087467,-80.2479501934308
98,562206.0109748656,2844247.705209871,25.714811609860426,-80.37991980174033
99,559045.2086536671,2843681.238760809,25.709827188080887,-80.41145102944236
